title,explanatory_memo_pdf_url,bill_digest_pdf_url
Fair Work (Registered Organisations) Amendment (Removing Criminals from Worksites) Bill 2024 (No. 2),https://parlinfo.aph.gov.au/parlInfo/download/legislation/ems/s1426_ems_c8accb2b-1e52-41bb-b859-97eb28e4570f/upload_pdf/EM_24S16.pdf;fileType=application%2Fpdf#search=%22legislation/ems/s1426_ems_c8accb2b-1e52-41bb-b859-97eb28e4570f%22,None
Australian Education Legislation Amendment (Prohibiting the Indoctrination of Children) Bill 2020,https://parlinfo.aph.gov.au/parlInfo/download/legislation/ems/s1254_ems_2862fcdb-e6fb-4ff1-b470-7288c6fff241/upload_pdf/20S02em.pdf;fileType=application%2Fpdf#search=%22legislation/ems/s1254_ems_2862fcdb-e6fb-4ff1-b470-7288c6fff241%22,None
"Defence Trade Controls Amendment (Genocide, War Crimes and Crimes Against Humanity) Bill 2024",https://parlinfo.aph.gov.au/parlInfo/download/legislation/ems/s1438_ems_f0fd9594-0d75-4e1e-8112-03649ef66d1b/upload_pdf/EM_24S25.pdf;fileType=application%2Fpdf#search=%22legislation/ems/s1438_ems_f0fd9594-0d75-4e1e-8112-03649ef66d1b%22,None
Electoral Legislation Amendment (Fair Territory Representation) Bill 2024,https://parlinfo.aph.gov.au/parlInfo/download/legislation/ems/s1435_ems_4aa22980-854a-4ead-b61e-f3bd334d08e4/upload_pdf/EM_24S24.pdf;fileType=application%2Fpdf#search=%22legislation/ems/s1435_ems_4aa22980-854a-4ead-b61e-f3bd334d08e4%22,None
Electoral Legislation Amendment (Electoral Communications) Bill 2024,https://parlinfo.aph.gov.au/parlInfo/download/legislation/ems/r7279_ems_358a46e6-fb2d-4a23-a9ee-0abcab55e85a/upload_pdf/JC014662.pdf;fileType=application%2Fpdf#search=%22legislation/ems/r7279_ems_358a46e6-fb2d-4a23-a9ee-0abcab55e85a%22,None
Electric Vehicles Accountability Bill 2021,https://parlinfo.aph.gov.au/parlInfo/download/legislation/ems/s1302_ems_29097d90-97e6-4f72-8285-656637627524/upload_pdf/21S04em.pdf;fileType=application%2Fpdf#search=%22legislation/ems/s1302_ems_29097d90-97e6-4f72-8285-656637627524%22,None
Airline Passenger Protections (Pay on Delay) Bill 2024,https://parlinfo.aph.gov.au/parlInfo/download/legislation/ems/s1410_ems_7934cef2-b18b-46fc-9eab-4a4efac32463/upload_pdf/EM_24S02.pdf;fileType=application%2Fpdf#search=%22legislation/ems/s1410_ems_7934cef2-b18b-46fc-9eab-4a4efac32463%22,None
"Criminal Code Amendment (Genocide, Crimes Against Humanity and War Crimes) Bill 2024",https://parlinfo.aph.gov.au/parlInfo/download/legislation/ems/s1407_ems_ea96d967-d9f8-4305-886b-54020cb347d4/upload_pdf/EM_24S01.pdf;fileType=application%2Fpdf#search=%22legislation/ems/s1407_ems_ea96d967-d9f8-4305-886b-54020cb347d4%22,None
Fair Work Amendment (Equal Pay for Equal Work) Bill 2022,https://parlinfo.aph.gov.au/parlInfo/download/legislation/ems/s1337_ems_6babf05a-c1bd-48ac-86c1-dc0b584893dc/upload_pdf/22S03em.pdf;fileType=application%2Fpdf#search=%22legislation/ems/s1337_ems_6babf05a-c1bd-48ac-86c1-dc0b584893dc%22,None
"Accountability of Grants, Investment Mandates and Use of Public Resources Amendment (End Pork Barrelling) Bill 2024 [No. 2]",https://parlinfo.aph.gov.au/parlInfo/download/legislation/ems/r7260_ems_806b7b96-52ac-4dcb-8a57-f373c632f139/upload_pdf/24126b01%20EM%20Haines.pdf;fileType=application%2Fpdf#search=%22legislation/ems/r7260_ems_806b7b96-52ac-4dcb-8a57-f373c632f139%22,None
Broadcasting Services Amendment (Ban on Gambling Advertisements During Live Sport) Bill 2023,https://parlinfo.aph.gov.au/parlInfo/download/legislation/ems/s1381_ems_b42ec8e0-ed57-401b-bf37-d33b18a1e5a0/upload_pdf/EM_23S18.pdf;fileType=application%2Fpdf#search=%22legislation/ems/s1381_ems_b42ec8e0-ed57-401b-bf37-d33b18a1e5a0%22,None
Federal Environment Watchdog Bill 2021,https://parlinfo.aph.gov.au/parlInfo/download/legislation/ems/s1317_ems_80c2711f-c8ae-46c0-9a7a-007b51cf880a/upload_pdf/21S15em.pdf;fileType=application%2Fpdf#search=%22legislation/ems/s1317_ems_80c2711f-c8ae-46c0-9a7a-007b51cf880a%22,None
Competition and Consumer Amendment (Australian Energy Regulator Separation) Bill 2024,https://parlinfo.aph.gov.au/parlInfo/download/legislation/ems/r7277_ems_783129f8-08f9-49e0-a1f4-f970013c5dc6/upload_pdf/JC014636.pdf;fileType=application%2Fpdf#search=%22legislation/ems/r7277_ems_783129f8-08f9-49e0-a1f4-f970013c5dc6%22,None
Free TAFE Bill 2024,https://parlinfo.aph.gov.au/parlInfo/download/legislation/ems/r7271_ems_ad370161-5270-48a3-bb8c-42777a2f5a10/upload_pdf/JC014537.pdf;fileType=application%2Fpdf#search=%22legislation/ems/r7271_ems_ad370161-5270-48a3-bb8c-42777a2f5a10%22,https://parlinfo.aph.gov.au/parlInfo/download/legislation/billsdgs/10037450/upload_binary/10037450.pdf
Broadcasting Services Amendment (Audio Description) Bill 2019,https://parlinfo.aph.gov.au/parlInfo/download/legislation/ems/s1174_ems_ab14d63b-1a59-4f6f-95ee-bd34768aa4b8/upload_pdf/19043em.pdf;fileType=application%2Fpdf#search=%22legislation/ems/s1174_ems_ab14d63b-1a59-4f6f-95ee-bd34768aa4b8%22,None
Corporations Amendment (Streamlining Advice Process) Bill 2024,https://parlinfo.aph.gov.au/parlInfo/download/legislation/ems/r7261_ems_8b6fa03b-2b76-4215-847f-525c0ec9f900/upload_pdf/24129b01%20EM%20van%20Manen.pdf;fileType=application%2Fpdf#search=%22legislation/ems/r7261_ems_8b6fa03b-2b76-4215-847f-525c0ec9f900%22,None
Ending Poverty in Australia (Antipoverty Commission) Bill 2023,https://parlinfo.aph.gov.au/parlInfo/download/legislation/ems/s1374_ems_e0fd254a-fed0-4a90-8a55-4c6b149831fe/upload_pdf/EM_23S013.pdf;fileType=application%2Fpdf#search=%22legislation/ems/s1374_ems_e0fd254a-fed0-4a90-8a55-4c6b149831fe%22,None
Fair Work Amendment (Right to Disconnect) Bill 2023 [No. 2],https://parlinfo.aph.gov.au/parlInfo/download/legislation/ems/s1371_ems_c97ce000-a5e3-4c8b-8872-40bfc753fde2/upload_pdf/EM_23S011.pdf;fileType=application%2Fpdf#search=%22legislation/ems/s1371_ems_c97ce000-a5e3-4c8b-8872-40bfc753fde2%22,None
Building and Construction Industry (Restoring Integrity and Reducing Building Costs) Bill 2024,https://parlinfo.aph.gov.au/parlInfo/download/legislation/ems/r7229_ems_14d35fca-6514-4efb-985f-39e0c404d6b4/upload_pdf/24096b01%20EM%20Dutton.pdf;fileType=application%2Fpdf#search=%22legislation/ems/r7229_ems_14d35fca-6514-4efb-985f-39e0c404d6b4%22,None
Criminal Code Amendment (Inciting Illegal Disruptive Activities) Bill 2023,https://parlinfo.aph.gov.au/parlInfo/download/legislation/ems/s1366_ems_b30ae936-a7ae-4e63-8b6d-85a0610a3b4e/upload_pdf/EM_23S003.pdf;fileType=application%2Fpdf#search=%22legislation/ems/s1366_ems_b30ae936-a7ae-4e63-8b6d-85a0610a3b4e%22,None
Customs Legislation Amendment (Commercial Greyhound Export and Import Prohibition) Bill 2021,https://parlinfo.aph.gov.au/parlInfo/download/legislation/ems/s1320_ems_36cb968b-33d5-4369-ae0b-f207eb3691ab/upload_pdf/21S18em.pdf;fileType=application%2Fpdf#search=%22legislation/ems/s1320_ems_36cb968b-33d5-4369-ae0b-f207eb3691ab%22,None
Food and Grocery (Mandatory) Code of Conduct Bill 2024,https://parlinfo.aph.gov.au/parlInfo/download/legislation/ems/r7262_ems_7b081927-7e35-47e6-abb7-321b78e1ee23/upload_pdf/24128b01%20EM%20Littleproud.pdf;fileType=application%2Fpdf#search=%22legislation/ems/r7262_ems_7b081927-7e35-47e6-abb7-321b78e1ee23%22,None
Customs Amendment (Preventing Child Labour) Bill 2023,https://parlinfo.aph.gov.au/parlInfo/download/legislation/ems/s1403_ems_9c8841f2-dbf9-4d63-aab8-f004f5fe50f3/upload_pdf/EM_23S38.pdf;fileType=application%2Fpdf#search=%22legislation/ems/s1403_ems_9c8841f2-dbf9-4d63-aab8-f004f5fe50f3%22,None
Environment Protection and Biodiversity Conservation Amendment (Regional Forest Agreements) Bill 2020,https://parlinfo.aph.gov.au/parlInfo/download/legislation/ems/s1286_ems_9ce36821-e239-4576-bfe7-5f4de33e6c0f/upload_pdf/20S23em.pdf;fileType=application%2Fpdf#search=%22legislation/ems/s1286_ems_9ce36821-e239-4576-bfe7-5f4de33e6c0f%22,None
Environment Protection and Biodiversity Conservation Amendment (Save the Koala) Bill 2021,https://parlinfo.aph.gov.au/parlInfo/download/legislation/ems/s1288_ems_c26c0cd2-1960-4e67-a7e0-844fe790e0ff/upload_pdf/21S01em.pdf;fileType=application%2Fpdf#search=%22legislation/ems/s1288_ems_c26c0cd2-1960-4e67-a7e0-844fe790e0ff%22,None
Building and Construction Industry (Restoring Integrity and Reducing Building Costs) Bill 2024 (No. 2),https://parlinfo.aph.gov.au/parlInfo/download/legislation/ems/s1425_ems_8f91133a-6143-4986-b1fc-909cf34e5eb8/upload_pdf/EM_24S15.pdf;fileType=application%2Fpdf#search=%22legislation/ems/s1425_ems_8f91133a-6143-4986-b1fc-909cf34e5eb8%22,None
Competition and Consumer Amendment (Continuing ACCC Monitoring of Domestic Airline Competition) Bill 2023,https://parlinfo.aph.gov.au/parlInfo/download/legislation/ems/s1392_ems_74339c8b-d547-44d4-817b-f9d101d6c705/upload_pdf/EM_23S28.pdf;fileType=application%2Fpdf#search=%22legislation/ems/s1392_ems_74339c8b-d547-44d4-817b-f9d101d6c705%22,None
Customs Amendment Bill 2022,https://parlinfo.aph.gov.au/parlInfo/download/legislation/ems/r6873_ems_6e68dde6-ee75-4aa5-9a88-ea4de4ded5db/upload_pdf/JC006936.pdf;fileType=application%2Fpdf#search=%22legislation/ems/r6873_ems_6e68dde6-ee75-4aa5-9a88-ea4de4ded5db%22,None
Competition and Consumer Amendment (Tougher Penalties for Supermarket and Hardware Businesses) Bill 2024,https://parlinfo.aph.gov.au/parlInfo/download/legislation/ems/r7263_ems_8806d46a-da9d-4b4a-8cc0-380a77fb359a/upload_pdf/24127b01%20EM%20Taylor.pdf;fileType=application%2Fpdf#search=%22legislation/ems/r7263_ems_8806d46a-da9d-4b4a-8cc0-380a77fb359a%22,None
Defence Capability Assurance and Oversight Bill 2024,https://parlinfo.aph.gov.au/parlInfo/download/legislation/ems/s1377_ems_bc73c140-7cd3-4757-847e-b2b954e5da39/upload_pdf/EM_23S014.pdf;fileType=application%2Fpdf#search=%22legislation/ems/s1377_ems_bc73c140-7cd3-4757-847e-b2b954e5da39%22,None
Aged Care Legislation Amendment Bill 2024,https://parlinfo.aph.gov.au/parlInfo/download/legislation/ems/r7215_ems_7312c951-ff3a-4090-8737-2a2bf6e88c90/upload_pdf/JC014052.pdf;fileType=application%2Fpdf#search=%22legislation/ems/r7215_ems_7312c951-ff3a-4090-8737-2a2bf6e88c90%22,https://parlinfo.aph.gov.au/parlInfo/download/legislation/billsdgs/10014631/upload_binary/10014631.pdf
Childhood Gender Transition Prohibition Bill 2023,https://parlinfo.aph.gov.au/parlInfo/download/legislation/ems/s1397_ems_9b75d8bf-6e54-493a-a2e0-e49f39644fc9/upload_pdf/EM_23S32.pdf;fileType=application%2Fpdf#search=%22legislation/ems/s1397_ems_9b75d8bf-6e54-493a-a2e0-e49f39644fc9%22,None
Copyright Legislation Amendment (Fair Pay for Radio Play) Bill 2023,https://parlinfo.aph.gov.au/parlInfo/download/legislation/ems/s1386_ems_fc8aa54e-dd4f-452d-8012-387ccea7f9bb/upload_pdf/EM_23S22.pdf;fileType=application%2Fpdf#search=%22legislation/ems/s1386_ems_fc8aa54e-dd4f-452d-8012-387ccea7f9bb%22,None
Electoral Legislation Amendment (Fair and Transparent Elections) Bill 2024 (No. 2),https://parlinfo.aph.gov.au/parlInfo/download/legislation/ems/s1414_ems_292135e0-ef62-4833-9009-6fdb8aab3729/upload_pdf/EM_24S07.pdf;fileType=application%2Fpdf#search=%22legislation/ems/s1414_ems_292135e0-ef62-4833-9009-6fdb8aab3729%22,None
Right to Protest Bill 2025,https://parlinfo.aph.gov.au/parlInfo/download/legislation/ems/s1449_ems_1c654206-4f2c-498e-8794-f48d974e5ccd/upload_pdf/EM_25S09.pdf;fileType=application%2Fpdf#search=%22legislation/ems/s1449_ems_1c654206-4f2c-498e-8794-f48d974e5ccd%22,None
Electoral Legislation Amendment (Lowering the Voting Age) Bill 2023 [No. 2],https://parlinfo.aph.gov.au/parlInfo/download/legislation/ems/s1361_ems_2cf382b9-251b-4b25-bc22-a7d70e5d2791/upload_pdf/EM_23S004.pdf;fileType=application%2Fpdf#search=%22legislation/ems/s1361_ems_2cf382b9-251b-4b25-bc22-a7d70e5d2791%22,None
Superannuation Guarantee (Administration) Amendment (Frontline Emergency Service Workers) Bill 2025,https://parlinfo.aph.gov.au/parlInfo/download/legislation/ems/s1442_ems_4762ad25-2bf5-4636-a314-99f4e920eab4/upload_pdf/EM_25S01.pdf;fileType=application%2Fpdf#search=%22legislation/ems/s1442_ems_4762ad25-2bf5-4636-a314-99f4e920eab4%22,None
Climate Change Amendment (Duty of Care and Intergenerational Climate Equity) Bill 2023,https://parlinfo.aph.gov.au/parlInfo/download/legislation/ems/s1385_ems_6e6bab02-d8fe-4dab-a67d-61095ede364b/upload_pdf/EM_23S21.pdf;fileType=application%2Fpdf#search=%22legislation/ems/s1385_ems_6e6bab02-d8fe-4dab-a67d-61095ede364b%22,None
Digital ID Repeal Bill 2024,https://parlinfo.aph.gov.au/parlInfo/download/legislation/ems/s1419_ems_e346cfe3-9bab-4b51-9564-ea6d49ff28e3/upload_pdf/EM_24S12.pdf;fileType=application%2Fpdf#search=%22legislation/ems/s1419_ems_e346cfe3-9bab-4b51-9564-ea6d49ff28e3%22,None
Environment and Other Legislation Amendment (Removing Nuclear Energy Prohibitions) Bill 2022,https://parlinfo.aph.gov.au/parlInfo/download/legislation/ems/s1354_ems_a3db38d9-691b-4410-966b-2f7cbd305c75/upload_pdf/EM_22S11.pdf;fileType=application%2Fpdf#search=%22legislation/ems/s1354_ems_a3db38d9-691b-4410-966b-2f7cbd305c75%22,None
Australian Education Amendment (Save Our Public Schools) Bill 2023,https://parlinfo.aph.gov.au/parlInfo/download/legislation/ems/s1393_ems_5d0a8f15-f7db-4703-bcc9-a2244c699be7/upload_pdf/EM_23S31.pdf;fileType=application%2Fpdf#search=%22legislation/ems/s1393_ems_5d0a8f15-f7db-4703-bcc9-a2244c699be7%22,None
Doctors for the Bush Bill 2024,https://parlinfo.aph.gov.au/parlInfo/download/legislation/ems/r7285_ems_6e98023d-235b-464f-b5ac-c52fb0377d4b/upload_pdf/24162b01%20EM%20Gee.pdf;fileType=application%2Fpdf#search=%22legislation/ems/r7285_ems_6e98023d-235b-464f-b5ac-c52fb0377d4b%22,None
Fair Work (Registered Organisations) Amendment (Removing Criminals from Worksites) Bill 2024,https://parlinfo.aph.gov.au/parlInfo/download/legislation/ems/r7230_ems_145f46b8-1d42-47dd-a7fc-def251af1077/upload_pdf/24097b01%20EM%20Dutton.pdf;fileType=application%2Fpdf#search=%22legislation/ems/r7230_ems_145f46b8-1d42-47dd-a7fc-def251af1077%22,None
Education and Other Legislation Amendment (Abolishing Indexation and Raising the Minimum Repayment Income for Education and Training Loans) Bill 2022,https://parlinfo.aph.gov.au/parlInfo/download/legislation/ems/s1355_ems_a5bcc5ad-b86f-4424-a8f7-ecfce642660f/upload_pdf/EM_22S15.pdf;fileType=application%2Fpdf#search=%22legislation/ems/s1355_ems_a5bcc5ad-b86f-4424-a8f7-ecfce642660f%22,None
Abolition of Special Prospecting Authorities (Ocean Protection) Bill 2024,https://parlinfo.aph.gov.au/parlInfo/download/legislation/ems/r7266_ems_dbad72fa-9e93-48cb-989c-d807b7cb1c58/upload_pdf/24137b01%20EM%20M%20Ryan.pdf;fileType=application%2Fpdf#search=%22legislation/ems/r7266_ems_dbad72fa-9e93-48cb-989c-d807b7cb1c58%22,None
Commonwealth Workplace Protection Orders Bill 2024,https://parlinfo.aph.gov.au/parlInfo/download/legislation/ems/r7298_ems_0bb93eb5-cb45-4816-b2eb-1f5503eca392/upload_pdf/24164b01%20EM.pdf;fileType=application%2Fpdf#search=%22legislation/ems/r7298_ems_0bb93eb5-cb45-4816-b2eb-1f5503eca392%22,https://parlinfo.aph.gov.au/parlInfo/download/legislation/billsdgs/10091265/upload_binary/10091265.pdf
Anti-Money Laundering and Counter-Terrorism Financing Amendment (Making Gambling Businesses Accountable) Bill 2024,https://parlinfo.aph.gov.au/parlInfo/download/legislation/ems/r7270_ems_9f47011a-dc84-4efa-b636-99a2d621dde0/upload_pdf/24139b01%20EM%20Wilkie.pdf;fileType=application%2Fpdf#search=%22legislation/ems/r7270_ems_9f47011a-dc84-4efa-b636-99a2d621dde0%22,None
Environment Protection and Biodiversity Conservation Amendment (Expanding the Water Trigger) Bill 2023 [No. 2],https://parlinfo.aph.gov.au/parlInfo/download/legislation/ems/s1396_ems_4f72b724-7052-4843-8892-5bb6af3d79fe/upload_pdf/EM_23S33.pdf;fileType=application%2Fpdf#search=%22legislation/ems/s1396_ems_4f72b724-7052-4843-8892-5bb6af3d79fe%22,None
Freeze on Rent and Rate Increases Bill 2023,https://parlinfo.aph.gov.au/parlInfo/download/legislation/ems/s1379_ems_bbb8c9ba-7f35-4f25-bff1-cdc82dd4d808/upload_pdf/EM_23S016.pdf;fileType=application%2Fpdf#search=%22legislation/ems/s1379_ems_bbb8c9ba-7f35-4f25-bff1-cdc82dd4d808%22,None
Help to Buy Bill 2023 [No. 2],https://parlinfo.aph.gov.au/parlInfo/download/legislation/ems/r7254_ems_cec1bc90-33c5-4d8f-94b8-5f974e6f191d/upload_pdf/JC014294.pdf;fileType=application%2Fpdf#search=%22legislation/ems/r7254_ems_cec1bc90-33c5-4d8f-94b8-5f974e6f191d%22,None
Broadcasting Services Amendment (Healthy Kids Advertising) Bill 2024,https://parlinfo.aph.gov.au/parlInfo/download/legislation/ems/r7274_ems_1da434dd-32b6-453a-b64a-ce9ddfd264f8/upload_pdf/24142b01%20EM%20Scamps.pdf;fileType=application%2Fpdf#search=%22legislation/ems/r7274_ems_1da434dd-32b6-453a-b64a-ce9ddfd264f8%22,None
Broadcasting Services Amendment (Prohibition of Gambling Advertisements) Bill 2024,https://parlinfo.aph.gov.au/parlInfo/download/legislation/ems/r7228_ems_8aadb656-866a-4d0a-b274-ed200acd3758/upload_pdf/24095b01%20EM%20Daniel.pdf;fileType=application%2Fpdf#search=%22legislation/ems/r7228_ems_8aadb656-866a-4d0a-b274-ed200acd3758%22,None
Environment Protection and Biodiversity Conservation Amendment (Reconsideration of Decisions) Bill 2024,https://parlinfo.aph.gov.au/parlInfo/download/legislation/ems/s1431_ems_c77c5b08-c457-405e-8c8e-221974505444/upload_pdf/EM_24S21.pdf;fileType=application%2Fpdf#search=%22legislation/ems/s1431_ems_c77c5b08-c457-405e-8c8e-221974505444%22,None
Commission of Inquiry into Antisemitism at Australian Universities Bill 2024 (No. 2),https://parlinfo.aph.gov.au/parlInfo/download/legislation/ems/s1417_ems_d1e33301-8b93-4de9-a596-231178d0e8b0/upload_pdf/EM_24S09.pdf;fileType=application%2Fpdf#search=%22legislation/ems/s1417_ems_d1e33301-8b93-4de9-a596-231178d0e8b0%22,None
Higher Education Support Amendment (Fair Study and Opportunity) Bill 2024,https://parlinfo.aph.gov.au/parlInfo/download/legislation/ems/r7264_ems_8edd7ba0-3d50-4e97-837d-342771df5ca0/upload_pdf/24130b01%20EM%20Le.pdf;fileType=application%2Fpdf#search=%22legislation/ems/r7264_ems_8edd7ba0-3d50-4e97-837d-342771df5ca0%22,None
Housing Investment Probity Bill 2024,https://parlinfo.aph.gov.au/parlInfo/download/legislation/ems/s1427_ems_a1c1a9ce-0e44-4477-a2d7-b74f09a1a131/upload_pdf/EM_24S17.pdf;fileType=application%2Fpdf#search=%22legislation/ems/s1427_ems_a1c1a9ce-0e44-4477-a2d7-b74f09a1a131%22,None
Housing Legislation Amendment (Fair Share for Regional Housing) Bill 2024,https://parlinfo.aph.gov.au/parlInfo/download/legislation/ems/r7273_ems_b4d0b510-dbd1-46fb-8fdd-06e2bd91bf85/upload_pdf/24141b01%20EM%20Haines.pdf;fileType=application%2Fpdf#search=%22legislation/ems/r7273_ems_b4d0b510-dbd1-46fb-8fdd-06e2bd91bf85%22,None
Improving Access to Medicinal Cannabis Bill 2023,https://parlinfo.aph.gov.au/parlInfo/download/legislation/ems/s1368_ems_3ef1b780-4147-424f-bfea-771657291a88/upload_pdf/EM_23S008.pdf;fileType=application%2Fpdf#search=%22legislation/ems/s1368_ems_3ef1b780-4147-424f-bfea-771657291a88%22,None
Interactive Gambling Amendment (Ban on Gambling Advertisements) Bill 2024,https://parlinfo.aph.gov.au/parlInfo/download/legislation/ems/r7214_ems_d6a2ebdb-c36e-4bd9-9907-c9ca5a29b303/upload_pdf/24080b01%20EM%20Sharkie.pdf;fileType=application%2Fpdf#search=%22legislation/ems/r7214_ems_d6a2ebdb-c36e-4bd9-9907-c9ca5a29b303%22,None
Criminal Code Amendment (Prohibition of Nazi Symbols) Bill 2023,https://parlinfo.aph.gov.au/parlInfo/download/legislation/ems/s1373_ems_91232319-cf16-4b2f-abc6-14280601b1bb/upload_pdf/EM_23S010.pdf;fileType=application%2Fpdf#search=%22legislation/ems/s1373_ems_91232319-cf16-4b2f-abc6-14280601b1bb%22,None
Environment Protection and Biodiversity Conservation Amendment (Climate Trigger) Bill 2022 [No. 2],https://parlinfo.aph.gov.au/parlInfo/download/legislation/ems/s1344_ems_45bb9f0f-29dd-4e16-9ef4-b10cfce4ab81/upload_pdf/EM_22S08.pdf;fileType=application%2Fpdf#search=%22legislation/ems/s1344_ems_45bb9f0f-29dd-4e16-9ef4-b10cfce4ab81%22,None
Live Performance Federal Insurance Guarantee Fund Bill 2021,https://parlinfo.aph.gov.au/parlInfo/download/legislation/ems/s1314_ems_b5607af3-73d5-4003-912b-01c355568e96/upload_pdf/21S14em.pdf;fileType=application%2Fpdf#search=%22legislation/ems/s1314_ems_b5607af3-73d5-4003-912b-01c355568e96%22,None
Migration Amendment (Limits on Immigration Detention) Bill 2024,https://parlinfo.aph.gov.au/parlInfo/download/legislation/ems/r7226_ems_ba84b32f-9dd8-4b7c-ac59-0cc817433540/upload_pdf/24094b01%20EM%20Tink.pdf;fileType=application%2Fpdf#search=%22legislation/ems/r7226_ems_ba84b32f-9dd8-4b7c-ac59-0cc817433540%22,None
Customs Amendment (Banning Goods Produced By Forced Labour) Bill 2022,https://parlinfo.aph.gov.au/parlInfo/download/legislation/ems/s1356_ems_3dd64ab2-a661-4eb1-aab9-78c69ac5dcd2/upload_pdf/EM_22S12.pdf;fileType=application%2Fpdf#search=%22legislation/ems/s1356_ems_3dd64ab2-a661-4eb1-aab9-78c69ac5dcd2%22,None
Electoral Legislation Amendment (Fairer Contracts and Grants) Bill 2023,https://parlinfo.aph.gov.au/parlInfo/download/legislation/ems/s1389_ems_00a31bb0-d309-4821-99fa-59e589cf127d/upload_pdf/EM_23S26.pdf;fileType=application%2Fpdf#search=%22legislation/ems/s1389_ems_00a31bb0-d309-4821-99fa-59e589cf127d%22,None
Genocide Risk Reporting Bill 2024,https://parlinfo.aph.gov.au/parlInfo/download/legislation/ems/s1439_ems_66237a0d-e4c3-4573-9fa4-939bc15e6e02/upload_pdf/EM_24S26.pdf;fileType=application%2Fpdf#search=%22legislation/ems/s1439_ems_66237a0d-e4c3-4573-9fa4-939bc15e6e02%22,None
Governor-General Amendment (Cessation of Allowances in the Public Interest) Bill 2023,https://parlinfo.aph.gov.au/parlInfo/download/legislation/ems/s1369_ems_d7438e8e-4d5b-45b6-9917-092b747ee2f8/upload_pdf/EM_23S006.pdf;fileType=application%2Fpdf#search=%22legislation/ems/s1369_ems_d7438e8e-4d5b-45b6-9917-092b747ee2f8%22,None
Digital Assets (Market Regulation) Bill 2023,https://parlinfo.aph.gov.au/parlInfo/download/legislation/ems/s1376_ems_66ab60ef-6c9d-4a00-a5a5-ca0c31a60fa0/upload_pdf/EM_23S012.pdf;fileType=application%2Fpdf#search=%22legislation/ems/s1376_ems_66ab60ef-6c9d-4a00-a5a5-ca0c31a60fa0%22,None
Education Services for Overseas Students Amendment (Quality and Integrity) Bill 2024,https://parlinfo.aph.gov.au/parlInfo/download/legislation/ems/r7191_ems_0ada3a18-e5be-4bde-b53c-aa9ef5cdf8c0/upload_pdf/JC012967.pdf;fileType=application%2Fpdf#search=%22legislation/ems/r7191_ems_0ada3a18-e5be-4bde-b53c-aa9ef5cdf8c0%22,None
Help to Buy (Consequential Provisions) Bill 2023 [No. 2],https://parlinfo.aph.gov.au/parlInfo/download/legislation/ems/r7251_ems_cec1bc90-33c5-4d8f-94b8-5f974e6f191d/upload_pdf/JC014294.pdf;fileType=application%2Fpdf#search=%22legislation/ems/r7251_ems_cec1bc90-33c5-4d8f-94b8-5f974e6f191d%22,None
Migration Amendment (Strengthening Sponsorship and Nomination Processes) Bill 2024,https://parlinfo.aph.gov.au/parlInfo/download/legislation/ems/r7224_ems_0c2af4da-3a9c-4794-8981-e6c28b9ce0b8/upload_pdf/JC014445.pdf;fileType=application%2Fpdf#search=%22legislation/ems/r7224_ems_0c2af4da-3a9c-4794-8981-e6c28b9ce0b8%22,https://parlinfo.aph.gov.au/parlInfo/download/legislation/billsdgs/9882575/upload_binary/9882575.pdf
"Remuneration Tribunal Amendment (There For Public Service, Not Profit) Bill 2025",https://parlinfo.aph.gov.au/parlInfo/download/legislation/ems/s1444_ems_fa639020-699a-41d6-8082-ee46b59a1cb6/upload_pdf/EM_25S02.pdf;fileType=application%2Fpdf#search=%22legislation/ems/s1444_ems_fa639020-699a-41d6-8082-ee46b59a1cb6%22,None
Telecommunications Amendment (Enhancing Consumer Safeguards) Bill 2025,https://parlinfo.aph.gov.au/parlInfo/download/legislation/ems/r7317_ems_02585d46-6c0f-44f9-ae8a-7b2eed33412d/upload_pdf/JC015230.pdf;fileType=application%2Fpdf#search=%22legislation/ems/r7317_ems_02585d46-6c0f-44f9-ae8a-7b2eed33412d%22,None
Treasury Laws Amendment (Divesting from Illegal Israeli Settlements) Bill 2024,https://parlinfo.aph.gov.au/parlInfo/download/legislation/ems/s1440_ems_63b667ca-4054-429e-96ec-db9064bcbb73/upload_pdf/EM_24S27.pdf;fileType=application%2Fpdf#search=%22legislation/ems/s1440_ems_63b667ca-4054-429e-96ec-db9064bcbb73%22,None
Treasury Laws Amendment (Housing Measures No. 1) Bill 2023 [No. 2],https://parlinfo.aph.gov.au/parlInfo/download/legislation/ems/r7062_ems_f5ea28e7-2d21-456a-94ae-c4d73c22ff7d/upload_pdf/JC010507.pdf;fileType=application%2Fpdf#search=%22legislation/ems/r7062_ems_f5ea28e7-2d21-456a-94ae-c4d73c22ff7d%22,None
Landholders’ Right to Refuse (Gas and Coal) Bill 2015,https://parlinfo.aph.gov.au/parlInfo/download/legislation/ems/s996_ems_df7d7de1-42d4-4c22-b8c1-989fee1a9748/upload_pdf/15028em.pdf;fileType=application%2Fpdf#search=%22legislation/ems/s996_ems_df7d7de1-42d4-4c22-b8c1-989fee1a9748%22,None
Treasury Laws Amendment (Tax Incentives and Integrity) Bill 2024,https://parlinfo.aph.gov.au/parlInfo/download/legislation/ems/r7299_ems_f004b6fb-348b-4a62-ab16-ae85c4b67d11/upload_pdf/JC014750.pdf;fileType=application%2Fpdf#search=%22legislation/ems/r7299_ems_f004b6fb-348b-4a62-ab16-ae85c4b67d11%22,https://parlinfo.aph.gov.au/parlInfo/download/legislation/billsdgs/10142678/upload_binary/10142678.pdf
Health Insurance (Pathology) (Fees) (Repeal) Bill 2024,https://parlinfo.aph.gov.au/parlInfo/download/legislation/ems/r7281_ems_4f20a754-9ec5-4ab7-aab9-b7b9eb25d27e/upload_pdf/JC014671.pdf;fileType=application%2Fpdf#search=%22legislation/ems/r7281_ems_4f20a754-9ec5-4ab7-aab9-b7b9eb25d27e%22,None
Northern Territory Safe Measures Bill 2023,https://parlinfo.aph.gov.au/parlInfo/download/legislation/ems/s1364_ems_045c845b-4833-4a0a-be53-2033ed8c753e/upload_pdf/EM_23S002.pdf;fileType=application%2Fpdf#search=%22legislation/ems/s1364_ems_045c845b-4833-4a0a-be53-2033ed8c753e%22,None
"Tertiary Education Legislation Amendment (There For Education, Not Profit) Bill 2025",https://parlinfo.aph.gov.au/parlInfo/download/legislation/ems/s1443_ems_feee0b9e-d803-47d7-a741-7dadd879f914/upload_pdf/EM_25S03.pdf;fileType=application%2Fpdf#search=%22legislation/ems/s1443_ems_feee0b9e-d803-47d7-a741-7dadd879f914%22,None
Truth and Justice Commission Bill 2024,https://parlinfo.aph.gov.au/parlInfo/download/legislation/ems/s1420_ems_0a85e681-fc9b-4252-ad6b-513942b3f1fc/upload_pdf/EM_24S14.pdf;fileType=application%2Fpdf#search=%22legislation/ems/s1420_ems_0a85e681-fc9b-4252-ad6b-513942b3f1fc%22,https://parlinfo.aph.gov.au/parlInfo/download/legislation/billsdgs/10091351/upload_binary/10091351.pdf
Fair Work Amendment (Prohibiting COVID-19 Vaccine Discrimination) Bill 2023,https://parlinfo.aph.gov.au/parlInfo/download/legislation/ems/s1367_ems_c7b9318c-a014-4b94-95a7-5a906634e84a/upload_pdf/EM_23S005.pdf;fileType=application%2Fpdf#search=%22legislation/ems/s1367_ems_c7b9318c-a014-4b94-95a7-5a906634e84a%22,None
Human Rights (Children Born Alive Protection) Bill 2022,https://parlinfo.aph.gov.au/parlInfo/download/legislation/ems/s1359_ems_dca7baf6-5e9e-4ade-8376-f0a2c4d9d202/upload_pdf/EM_22S16.pdf;fileType=application%2Fpdf#search=%22legislation/ems/s1359_ems_dca7baf6-5e9e-4ade-8376-f0a2c4d9d202%22,None
Transport Security Amendment (Security of Australia’s Transport Sector) Bill 2024,https://parlinfo.aph.gov.au/parlInfo/download/legislation/ems/r7300_ems_431ae69e-bb39-417e-bd8d-b8f50f34bfa2/upload_pdf/JC014774.pdf;fileType=application%2Fpdf#search=%22legislation/ems/r7300_ems_431ae69e-bb39-417e-bd8d-b8f50f34bfa2%22,None
Universities Accord (National Higher Education Code to Prevent and Respond to Gender-based Violence) (Consequential Amendments) Bill 2025,https://parlinfo.aph.gov.au/parlInfo/download/legislation/ems/r7311_ems_c06778c8-1fa2-4f7b-99ba-d00ade4ee426/upload_pdf/JC015175.pdf;fileType=application%2Fpdf#search=%22legislation/ems/r7311_ems_c06778c8-1fa2-4f7b-99ba-d00ade4ee426%22,https://parlinfo.aph.gov.au/parlInfo/download/legislation/billsdgs/10159534/upload_binary/10159534.pdf
Intelligence Services Legislation Amendment Bill 2023,https://parlinfo.aph.gov.au/parlInfo/download/legislation/ems/r7056_ems_025c84c9-e90a-4fe6-8c20-6e37cc7e0f77/upload_pdf/23088b01%20EM.pdf;fileType=application%2Fpdf#search=%22legislation/ems/r7056_ems_025c84c9-e90a-4fe6-8c20-6e37cc7e0f77%22,https://parlinfo.aph.gov.au/parlInfo/download/legislation/billsdgs/9296912/upload_binary/9296912.pdf
Workplace Gender Equality Amendment (Setting Gender Equality Targets) Bill 2024,https://parlinfo.aph.gov.au/parlInfo/download/legislation/ems/r7283_ems_a503f9ab-ef83-4a20-9026-a3e00d89a4ba/upload_pdf/JC015193%20Addendum.pdf;fileType=application%2Fpdf#search=%22legislation/ems/r7283_ems_a503f9ab-ef83-4a20-9026-a3e00d89a4ba%22,https://parlinfo.aph.gov.au/parlInfo/download/legislation/billsdgs/10046608/upload_binary/10046608.pdf
Environment Protection and Biodiversity Conservation Amendment (Protecting Environmental Heritage) Bill 2024,https://parlinfo.aph.gov.au/parlInfo/download/legislation/ems/s1409_ems_9b0748f7-ab47-45cb-a5ff-8ae7647f2f6f/upload_pdf/EM_24S03.pdf;fileType=application%2Fpdf#search=%22legislation/ems/s1409_ems_9b0748f7-ab47-45cb-a5ff-8ae7647f2f6f%22,None
Fair Work (Registered Organisations) Amendment (Protecting Vulnerable Workers) Bill 2024,https://parlinfo.aph.gov.au/parlInfo/download/legislation/ems/s1411_ems_211d2dd4-4d71-4112-ac47-efdce3ff9d12/upload_pdf/EM_24S04.pdf;fileType=application%2Fpdf#search=%22legislation/ems/s1411_ems_211d2dd4-4d71-4112-ac47-efdce3ff9d12%22,None
Housing Australia Future Fund Bill 2023 [No. 2],https://parlinfo.aph.gov.au/parlInfo/download/legislation/ems/r7061_ems_f5ea28e7-2d21-456a-94ae-c4d73c22ff7d/upload_pdf/JC010507.pdf;fileType=application%2Fpdf#search=%22legislation/ems/r7061_ems_f5ea28e7-2d21-456a-94ae-c4d73c22ff7d%22,None
Interactive Gambling Amendment (Ban Gambling Ads) Bill 2024,https://parlinfo.aph.gov.au/parlInfo/download/legislation/ems/s1432_ems_cb6aff39-8862-4658-9bb4-7bd60bb05bf5/upload_pdf/EM_24S22.pdf;fileType=application%2Fpdf#search=%22legislation/ems/s1432_ems_cb6aff39-8862-4658-9bb4-7bd60bb05bf5%22,None
Legislate the Date to End Live Sheep Export Bill 2024,https://parlinfo.aph.gov.au/parlInfo/download/legislation/ems/s1412_ems_d47ed648-428c-4430-af20-607dacb2f971/upload_pdf/EM_24S05.pdf;fileType=application%2Fpdf#search=%22legislation/ems/s1412_ems_d47ed648-428c-4430-af20-607dacb2f971%22,None
National Energy Transition Authority Bill 2022,https://parlinfo.aph.gov.au/parlInfo/download/legislation/ems/s1352_ems_3afea937-d08a-426b-a9be-a7ca16b154d9/upload_pdf/EM_22S10.pdf;fileType=application%2Fpdf#search=%22legislation/ems/s1352_ems_3afea937-d08a-426b-a9be-a7ca16b154d9%22,None
Lobbying (Improving Government Honesty and Trust) Bill 2024,https://parlinfo.aph.gov.au/parlInfo/download/legislation/ems/r7272_ems_6b5782fc-61e6-46ad-9c34-e225ba1bf501/upload_pdf/24140b01%20EM%20M%20Ryan.pdf;fileType=application%2Fpdf#search=%22legislation/ems/r7272_ems_6b5782fc-61e6-46ad-9c34-e225ba1bf501%22,None
Migration Amendment (Overseas Organ Transplant Disclosure and Other Measures) Bill 2024,https://parlinfo.aph.gov.au/parlInfo/download/legislation/ems/s1384_ems_09f43122-4656-4925-ab57-95d05167cfbe/upload_pdf/EM_23S20.pdf;fileType=application%2Fpdf#search=%22legislation/ems/s1384_ems_09f43122-4656-4925-ab57-95d05167cfbe%22,None
Murdoch Media Inquiry Bill 2023,https://parlinfo.aph.gov.au/parlInfo/download/legislation/ems/s1375_ems_83ac4090-07cd-422b-b15d-8e0e00b5db09/upload_pdf/EM_23S017.pdf;fileType=application%2Fpdf#search=%22legislation/ems/s1375_ems_83ac4090-07cd-422b-b15d-8e0e00b5db09%22,None
National Broadband Network Companies Amendment (Commitment to Public Ownership) Bill 2024,https://parlinfo.aph.gov.au/parlInfo/download/legislation/ems/r7259_ems_dbaf313f-6db3-4b63-b47e-0afe71ce494a/upload_pdf/JC014303.pdf;fileType=application%2Fpdf#search=%22legislation/ems/r7259_ems_dbaf313f-6db3-4b63-b47e-0afe71ce494a%22,https://parlinfo.aph.gov.au/parlInfo/download/legislation/billsdgs/10011586/upload_binary/10011586.pdf
Whistleblower Protection Authority Bill 2025 (No. 2),https://parlinfo.aph.gov.au/parlInfo/download/legislation/ems/s1436_ems_2a5243ea-c938-452c-a2d4-2fc2b5a8a89e/upload_pdf/EM_25S04.pdf;fileType=application%2Fpdf#search=%22legislation/ems/s1436_ems_2a5243ea-c938-452c-a2d4-2fc2b5a8a89e%22,None
AusCheck Amendment (Global Entry Program) Bill 2025,https://parlinfo.aph.gov.au/parlInfo/download/legislation/ems/r7318_ems_36eb9497-eb63-4507-9c45-7c85be524ab1/upload_pdf/JC015222.pdf;fileType=application%2Fpdf#search=%22legislation/ems/r7318_ems_36eb9497-eb63-4507-9c45-7c85be524ab1%22,None
National Housing and Homelessness Plan Bill 2024 (No. 2),https://parlinfo.aph.gov.au/parlInfo/download/legislation/ems/s1416_ems_82f1cdf8-382a-4942-b65d-f2fe544bf123/upload_pdf/EM_24S11.pdf;fileType=application%2Fpdf#search=%22legislation/ems/s1416_ems_82f1cdf8-382a-4942-b65d-f2fe544bf123%22,None
National Housing Supply and Affordability Council Bill 2023 [No. 2],https://parlinfo.aph.gov.au/parlInfo/download/legislation/ems/r7064_ems_f5ea28e7-2d21-456a-94ae-c4d73c22ff7d/upload_pdf/JC010507.pdf;fileType=application%2Fpdf#search=%22legislation/ems/r7064_ems_f5ea28e7-2d21-456a-94ae-c4d73c22ff7d%22,None
National Organic Standard Bill 2024,https://parlinfo.aph.gov.au/parlInfo/download/legislation/ems/s1434_ems_009b5045-0a5a-4f06-9273-9a84f3133663/upload_pdf/EM_24S23.pdf;fileType=application%2Fpdf#search=%22legislation/ems/s1434_ems_009b5045-0a5a-4f06-9273-9a84f3133663%22,None
Constitution Alteration (Right to Free Speech) 2025,https://parlinfo.aph.gov.au/parlInfo/download/legislation/ems/s1447_ems_3c674132-b71e-490f-adf2-10bcc28a38bf/upload_pdf/EM_25S07.pdf;fileType=application%2Fpdf#search=%22legislation/ems/s1447_ems_3c674132-b71e-490f-adf2-10bcc28a38bf%22,None
Great Australian Bight (World Heritage Protection) Bill 2025,https://parlinfo.aph.gov.au/parlInfo/download/legislation/ems/s1445_ems_c5e7a5d2-bad5-41c8-99da-fbe95e95b4bb/upload_pdf/EM_25S05.pdf;fileType=application%2Fpdf#search=%22legislation/ems/s1445_ems_c5e7a5d2-bad5-41c8-99da-fbe95e95b4bb%22,None
Universities Accord (National Higher Education Code to Prevent and Respond to Gender-based Violence) Bill 2025,https://parlinfo.aph.gov.au/parlInfo/download/legislation/ems/r7312_ems_c06778c8-1fa2-4f7b-99ba-d00ade4ee426/upload_pdf/JC015175.pdf;fileType=application%2Fpdf#search=%22legislation/ems/r7312_ems_c06778c8-1fa2-4f7b-99ba-d00ade4ee426%22,https://parlinfo.aph.gov.au/parlInfo/download/legislation/billsdgs/10159534/upload_binary/10159534.pdf
Offshore Petroleum and Greenhouse Gas Storage Amendment (Domestic Reserve) Bill 2023,https://parlinfo.aph.gov.au/parlInfo/download/legislation/ems/s1390_ems_b8d7c566-25cc-499b-8ca8-316ad4554354/upload_pdf/EM_23S27.pdf;fileType=application%2Fpdf#search=%22legislation/ems/s1390_ems_b8d7c566-25cc-499b-8ca8-316ad4554354%22,None
Parliamentary Privileges Amendment (Royal Commission Response) Bill 2022,https://parlinfo.aph.gov.au/parlInfo/download/legislation/ems/s1348_ems_5f3d00f0-c1a2-4a89-b901-3c971e039a6a/upload_pdf/EM_22S09.pdf;fileType=application%2Fpdf#search=%22legislation/ems/s1348_ems_5f3d00f0-c1a2-4a89-b901-3c971e039a6a%22,None
Wellbeing of Future Generations Bill 2025,https://parlinfo.aph.gov.au/parlInfo/download/legislation/ems/r7315_ems_3f329c78-4231-4b5a-9d5e-1128c8e7e7f3/upload_pdf/25013b01%20EM%20Scamps.pdf;fileType=application%2Fpdf#search=%22legislation/ems/r7315_ems_3f329c78-4231-4b5a-9d5e-1128c8e7e7f3%22,None
Whistleblower Protection Authority Bill 2025,https://parlinfo.aph.gov.au/parlInfo/download/legislation/ems/r7301_ems_1f88fdaa-99c9-4778-909c-6cf56fa2da6d/upload_pdf/25011b01%20EM%20Wilkie.pdf;fileType=application%2Fpdf#search=%22legislation/ems/r7301_ems_1f88fdaa-99c9-4778-909c-6cf56fa2da6d%22,None
Protecting the Spirit of Sea Country Bill 2023,https://parlinfo.aph.gov.au/parlInfo/download/legislation/ems/s1388_ems_96cf4458-4c60-4133-b549-ec36b6c5f644/upload_pdf/EM_23S24.pdf;fileType=application%2Fpdf#search=%22legislation/ems/s1388_ems_96cf4458-4c60-4133-b549-ec36b6c5f644%22,None
"Public Governance, Performance and Accountability Amendment (Vaccine Indemnity) Bill 2023",https://parlinfo.aph.gov.au/parlInfo/download/legislation/ems/s1387_ems_21d880aa-a43c-4521-bb7e-f7085388a973/upload_pdf/EM_23S23.pdf;fileType=application%2Fpdf#search=%22legislation/ems/s1387_ems_21d880aa-a43c-4521-bb7e-f7085388a973%22,None
Requiring Energy Infrastructure Providers to Obtain Rehabilitation Bonds Bill 2024,https://parlinfo.aph.gov.au/parlInfo/download/legislation/ems/r7265_ems_04e28152-1680-4b87-a4a5-dd3b09f396e3/upload_pdf/24138b01%20EM%20Birrell.pdf;fileType=application%2Fpdf#search=%22legislation/ems/r7265_ems_04e28152-1680-4b87-a4a5-dd3b09f396e3%22,None
Health Legislation Amendment (Improved Medicare Integrity and Other Measures) Bill 2025,https://parlinfo.aph.gov.au/parlInfo/download/legislation/ems/r7292_ems_25dd7356-f2aa-4a84-9edc-6c2c7d947e5d/upload_pdf/JC014778.pdf;fileType=application%2Fpdf#search=%22legislation/ems/r7292_ems_25dd7356-f2aa-4a84-9edc-6c2c7d947e5d%22,None
Snowy Hydro Corporatisation Amendment (No New Fossil Fuels) Bill 2021 [No. 2],https://parlinfo.aph.gov.au/parlInfo/download/legislation/ems/s1298_ems_4992e592-7456-46a6-8bb4-13d91561517e/upload_pdf/21S03em.pdf;fileType=application%2Fpdf#search=%22legislation/ems/s1298_ems_4992e592-7456-46a6-8bb4-13d91561517e%22,None
Offshore Petroleum and Greenhouse Gas Storage Amendment (Fight for Australia’s Coastline) Bill 2022,https://parlinfo.aph.gov.au/parlInfo/download/legislation/ems/s1346_ems_6460146f-a691-41a3-9a6c-13a80ccbb7e8/upload_pdf/EM_22S07.pdf;fileType=application%2Fpdf#search=%22legislation/ems/s1346_ems_6460146f-a691-41a3-9a6c-13a80ccbb7e8%22,None
Online Safety Amendment (Digital Duty of Care) Bill 2024,https://parlinfo.aph.gov.au/parlInfo/download/legislation/ems/r7286_ems_59663586-5b56-48de-b4da-e4344312213c/upload_pdf/24163b01%20EM%20Daniel.pdf;fileType=application%2Fpdf#search=%22legislation/ems/r7286_ems_59663586-5b56-48de-b4da-e4344312213c%22,None
Social Services Legislation Amendment (Enhancing Pensioner and Veteran Workforce Participation) Bill 2022,https://parlinfo.aph.gov.au/parlInfo/download/legislation/ems/s1347_ems_7bb934f8-5ba9-4079-9819-0620942c8786/upload_pdf/EM_22S06.pdf;fileType=application%2Fpdf#search=%22legislation/ems/s1347_ems_7bb934f8-5ba9-4079-9819-0620942c8786%22,None
Higher Education Support Amendment (End Dirty University Partnerships) Bill 2025,https://parlinfo.aph.gov.au/parlInfo/download/legislation/ems/s1450_ems_4c97798d-9f06-45fa-908c-c7de77ee2915/upload_pdf/EM_25S10.pdf;fileType=application%2Fpdf#search=%22legislation/ems/s1450_ems_4c97798d-9f06-45fa-908c-c7de77ee2915%22,None
Superannuation (Better Targeted Superannuation Concessions) Imposition Bill 2023,https://parlinfo.aph.gov.au/parlInfo/download/legislation/ems/r7120_ems_2d7466e4-4cb5-4ac2-8eb3-442bf6394a43/upload_pdf/JC011632.pdf;fileType=application%2Fpdf#search=%22legislation/ems/r7120_ems_2d7466e4-4cb5-4ac2-8eb3-442bf6394a43%22,None
Tax Laws Amendment (Incentivising Food Donations to Charitable Organisations) Bill 2024,https://parlinfo.aph.gov.au/parlInfo/download/legislation/ems/s1421_ems_7c830e73-1a3a-40d9-949c-c42919d63f2e/upload_pdf/EM_24S13.pdf;fileType=application%2Fpdf#search=%22legislation/ems/s1421_ems_7c830e73-1a3a-40d9-949c-c42919d63f2e%22,None
Interactive Gambling Amendment (Know Your Losses Activity Statement) Bill 2025,https://parlinfo.aph.gov.au/parlInfo/download/legislation/ems/r7313_ems_ef0137e9-6784-401a-ba4d-f59871d5c614/upload_pdf/25014b01%20EM%20Sharkie.pdf;fileType=application%2Fpdf#search=%22legislation/ems/r7313_ems_ef0137e9-6784-401a-ba4d-f59871d5c614%22,None
Treasury Laws Amendment (Better Targeted Superannuation Concessions and Other Measures) Bill 2023,https://parlinfo.aph.gov.au/parlInfo/download/legislation/ems/r7133_ems_2d7466e4-4cb5-4ac2-8eb3-442bf6394a43/upload_pdf/JC011632.pdf;fileType=application%2Fpdf#search=%22legislation/ems/r7133_ems_2d7466e4-4cb5-4ac2-8eb3-442bf6394a43%22,None
Treasury Laws Amendment (Extending the FBT Exemption for Plug-In Hybrid Electric Vehicles) Bill 2024,https://parlinfo.aph.gov.au/parlInfo/download/legislation/ems/s1415_ems_55778759-2dc7-4f12-bc49-9eca20a1c3f5/upload_pdf/EM_24S08.pdf;fileType=application%2Fpdf#search=%22legislation/ems/s1415_ems_55778759-2dc7-4f12-bc49-9eca20a1c3f5%22,None
Commonwealth Electoral Amendment (Banning Dirty Donations) Bill 2022,https://parlinfo.aph.gov.au/parlInfo/download/legislation/ems/s1357_ems_1fe9a923-cae9-4768-8ca9-d7e33e3dd4a5/upload_pdf/EM_22S13.pdf;fileType=application%2Fpdf#search=%22legislation/ems/s1357_ems_1fe9a923-cae9-4768-8ca9-d7e33e3dd4a5%22,None
Lobbying (Improving Government Honesty and Trust) Bill 2025,https://parlinfo.aph.gov.au/parlInfo/download/legislation/ems/s1446_ems_1055d066-95ae-46be-bc56-2b9526429d48/upload_pdf/EM_25S06.pdf;fileType=application%2Fpdf#search=%22legislation/ems/s1446_ems_1055d066-95ae-46be-bc56-2b9526429d48%22,None
Migration Amendment (Restoring Medevac) Bill 2025,https://parlinfo.aph.gov.au/parlInfo/download/legislation/ems/s1448_ems_e7f8b942-675b-4e72-bb3a-cbd3a8df1081/upload_pdf/EM_25S08.pdf;fileType=application%2Fpdf#search=%22legislation/ems/s1448_ems_e7f8b942-675b-4e72-bb3a-cbd3a8df1081%22,None
National Land Transport Act Amendment (Better Value for Taxpayers) Bill 2025,https://parlinfo.aph.gov.au/parlInfo/download/legislation/ems/r7314_ems_c72b45ec-672d-4101-810b-4ff4af6ac32e/upload_pdf/25012b01%20EM%20Spender.pdf;fileType=application%2Fpdf#search=%22legislation/ems/r7314_ems_c72b45ec-672d-4101-810b-4ff4af6ac32e%22,None
Pacific Banking Guarantee Bill 2025,https://parlinfo.aph.gov.au/parlInfo/download/legislation/ems/r7303_ems_b58a8c1e-a983-4b85-8a89-7ff9d1ab8b7b/upload_pdf/JC015240.pdf;fileType=application%2Fpdf#search=%22legislation/ems/r7303_ems_b58a8c1e-a983-4b85-8a89-7ff9d1ab8b7b%22,None
Health Legislation Amendment (Improved Medicare Integrity and Other Measures) Bill 2024,https://parlinfo.aph.gov.au/parlInfo/download/legislation/ems/r7292_ems_25dd7356-f2aa-4a84-9edc-6c2c7d947e5d/upload_pdf/JC014778.pdf;fileType=application%2Fpdf#search=%22legislation/ems/r7292_ems_25dd7356-f2aa-4a84-9edc-6c2c7d947e5d%22,None
